team_id,party
1,Re
2,Kontra
3,Kontra
4,Kontra
5,Kontra
6,Kontra
7,Kontra
8,Re
9,Re
10,Kontra
11,Re
12,Kontra
13,Re
14,Kontra
15,Kontra
16,Kontra
17,Re
18,Kontra
19,Kontra
20,Kontra
21,Kontra
22,Kontra
23,Re
24,Re
25,Re
26,Kontra
27,Re
28,Kontra
29,Kontra
30,Re
31,Kontra
32,Re
33,Re
34,Kontra
35,Kontra
36,Re
37,Kontra
38,Kontra
39,Re
40,Re
41,Re
42,Kontra
43,Re
44,Kontra
45,Kontra
46,Re
47,Re
48,Kontra
49,Kontra
50,Re
51,Re
52,Kontra
53,Kontra
54,Re
55,Re
56,Kontra
57,Kontra
58,Re
59,Kontra
60,Re
61,Re
62,Re
63,Kontra
64,Kontra
65,Re
66,Re
67,Kontra
68,Kontra
69,Kontra
70,Kontra
71,Re
72,Kontra
73,Kontra
74,Re
75,Kontra
76,Re
77,Kontra
78,Kontra
79,Re
80,Re
81,Re
82,Re
83,Kontra
84,Kontra
85,Kontra
86,Kontra
87,Kontra
88,Re
89,Re
90,Kontra
91,Kontra
92,Re
93,Re
94,Re
95,Kontra
96,Kontra
97,Re
98,Kontra
99,Kontra
100,Re
101,Re
102,Re
103,Kontra
104,Kontra
105,Kontra
106,Re
107,Re
108,Kontra
109,Kontra
110,Kontra
111,Kontra
112,Re
113,Kontra
114,Kontra
115,Re
116,Kontra
117,Kontra
118,Re
119,Kontra
120,Re
121,Re
122,Kontra
123,Re
124,Kontra
125,Re
126,Re
127,Kontra
128,Kontra
129,Re
130,Kontra
131,Re
132,Kontra
133,Re
134,Kontra
135,Kontra
136,Re
137,Kontra
138,Re
139,Kontra
140,Kontra
141,Kontra
142,Re
143,Re
144,Kontra
145,Re
146,Kontra
147,Re
148,Kontra
149,Re
150,Kontra
151,Re
152,Kontra
153,Kontra
154,Re
155,Kontra
156,Re
157,Kontra
158,Kontra
159,Re
160,Re
161,Re
162,Kontra
163,Kontra
164,Re
165,Kontra
166,Re
167,Re
168,Kontra
169,Kontra
170,Kontra
171,Re
172,Re
173,Kontra
174,Re
175,Re
176,Kontra
177,Kontra
178,Re
179,Kontra
180,Re
181,Kontra
182,Re
183,Re
184,Kontra
185,Re
186,Kontra
187,Kontra
188,Re
189,Re
190,Re
191,Kontra
192,Kontra
193,Kontra
194,Kontra
195,Re
196,Re
197,Re
198,Kontra
199,Re
200,Kontra
201,Re
202,Kontra
203,Kontra
204,Kontra
205,Re
206,Kontra
207,Re
208,Kontra
209,Kontra
210,Kontra
211,Re
212,Re
213,Re
214,Kontra
215,Re
216,Kontra
217,Kontra
218,Re
219,Re
220,Kontra
221,Re
222,Re
223,Kontra
224,Kontra
225,Re
226,Re
227,Kontra
228,Kontra
229,Re
230,Kontra
231,Kontra
232,Re
233,Kontra
234,Re
235,Kontra
236,Kontra
237,Kontra
238,Kontra
239,Re
240,Re
241,Kontra
242,Re
243,Re
244,Kontra
245,Re
246,Kontra
247,Re
248,Kontra
249,Kontra
250,Kontra
251,Re
252,Re
253,Kontra
254,Kontra
255,Kontra
256,Re
257,Kontra
258,Kontra
259,Re
260,Re
261,Kontra
262,Kontra
263,Re
264,Re
265,Kontra
266,Kontra
267,Re
268,Re
269,Re
270,Kontra
271,Kontra
272,Re
273,Kontra
274,Kontra
275,Re
276,Re
277,Re
278,Kontra
279,Kontra
280,Kontra
281,Kontra
282,Re
283,Re
284,Kontra
285,Re
286,Kontra
287,Re
288,Kontra
289,Kontra
290,Re
291,Kontra
292,Re
293,Re
294,Kontra
295,Re
296,Kontra
297,Re
298,Re
299,Kontra
300,Kontra
301,Re
302,Kontra
303,Re
304,Kontra
305,Kontra
306,Kontra
307,Re
308,Kontra
309,Re
310,Re
311,Kontra
312,Kontra
313,Re
314,Kontra
315,Kontra
316,Re
317,Kontra
318,Re
319,Re
320,Kontra
321,Re
322,Kontra
323,Kontra
324,Re
325,Re
326,Kontra
327,Re
328,Kontra
329,Kontra
330,Re
331,Re
332,Kontra
333,Re
334,Kontra
335,Re
336,Re
337,Re
338,Re
339,Kontra
340,Kontra
341,Re
342,Re
343,Kontra
344,Kontra
345,Re
346,Re
347,Kontra
348,Kontra
349,Re
350,Re
351,Kontra
352,Kontra
353,Kontra
354,Re
355,Kontra
356,Re
357,Kontra
358,Kontra
359,Re
360,Re
361,Kontra
362,Re
363,Re
364,Kontra
365,Kontra
366,Kontra
367,Kontra
368,Re
369,Re
370,Re
371,Kontra
372,Kontra
373,Re
374,Kontra
375,Re
376,Kontra
377,Kontra
378,Re
379,Kontra
380,Kontra
381,Kontra
382,Re
383,Kontra
384,Kontra
385,Re
386,Re
387,Kontra
388,Kontra
389,Kontra
390,Re
391,Kontra
392,Re
393,Re
394,Re
395,Kontra
396,Kontra
397,Re
398,Kontra
399,Re
400,Kontra
401,Re
402,Re
403,Kontra
404,Kontra
405,Kontra
406,Kontra
407,Re
408,Re
409,Kontra
410,Kontra
411,Re
412,Kontra
413,Re
414,Kontra
415,Kontra
416,Re
417,Re
418,Re
419,Kontra
420,Kontra
421,Re
422,Kontra
423,Kontra
424,Re
425,Kontra
426,Re
427,Re
428,Kontra
429,Kontra
430,Kontra
431,Re
432,Re
433,Kontra
434,Re
435,Kontra
436,Re
437,Re
438,Kontra
439,Re
440,Kontra
441,Re
442,Kontra
443,Kontra
444,Re
445,Kontra
446,Kontra
447,Re
448,Re
449,Re
450,Kontra
451,Kontra
452,Kontra
453,Kontra
454,Re
455,Re
456,Kontra
457,Kontra
458,Re
459,Kontra
460,Re
461,Kontra
462,Re
463,Re
464,Kontra
465,Re
466,Kontra
467,Kontra
468,Re
469,Kontra
470,Kontra
471,Kontra
472,Re
473,Kontra
474,Kontra
475,Re
476,Re
477,Re
478,Kontra
479,Re
480,Kontra
481,Kontra
482,Re
483,Kontra
484,Re
485,Re
486,Kontra
487,Kontra
488,Re
489,Re
490,Kontra
491,Re
492,Kontra
493,Kontra
494,Kontra
495,Re
496,Re
497,Kontra
498,Re
499,Kontra
500,Re
501,Kontra
502,Re
503,Re
504,Kontra
505,Re
506,Kontra
507,Kontra
508,Kontra
509,Kontra
510,Re
511,Kontra
512,Re
513,Re
514,Kontra
515,Kontra
516,Re
517,Kontra
518,Re
519,Kontra
520,Re
521,Re
522,Kontra
523,Kontra
524,Re
525,Kontra
526,Kontra
527,Re
528,Re
529,Kontra
530,Re
531,Re
532,Kontra
533,Re
534,Kontra
535,Re
536,Kontra
537,Re
538,Re
539,Kontra
540,Kontra
541,Re
542,Kontra
543,Kontra
544,Re
545,Re
546,Re
547,Kontra
548,Kontra
549,Re
550,Kontra
551,Kontra
552,Re
553,Kontra
554,Re
555,Kontra
556,Re
557,Kontra
558,Kontra
559,Re
560,Re
561,Kontra
562,Kontra
563,Re
564,Kontra
565,Kontra
566,Re
567,Re
568,Kontra
569,Kontra
570,Kontra
571,Re
572,Re
573,Kontra
574,Re
575,Kontra
576,Re
577,Kontra
578,Re
579,Kontra
580,Re
581,Kontra
582,Re
583,Kontra
584,Kontra
585,Re
586,Kontra
587,Kontra
588,Re
589,Re
590,Kontra
591,Re
592,Kontra
593,Re
594,Kontra
595,Kontra
596,Re
597,Kontra
598,Kontra
599,Kontra
600,Re
601,Re
602,Re
603,Kontra
604,Kontra
605,Re
606,Re
607,Kontra
608,Kontra
609,Kontra
610,Kontra
611,Re
612,Re
613,Kontra
614,Kontra
615,Re
616,Re
617,Kontra
618,Re
619,Re
620,Kontra
621,Kontra
622,Re
623,Kontra
624,Re
625,Re
626,Kontra
627,Re
628,Kontra
629,Kontra
630,Kontra
631,Re
632,Re
633,Re
634,Re
635,Kontra
636,Kontra
637,Re
638,Kontra
639,Kontra
640,Re
641,Kontra
642,Re
643,Re
644,Kontra
645,Re
646,Kontra
647,Kontra
648,Re
649,Re
650,Kontra
651,Re
652,Kontra
653,Re
654,Kontra
655,Kontra
656,Re
657,Re
658,Re
659,Kontra
660,Kontra
661,Re
662,Re
663,Kontra
664,Kontra
665,Re
666,Re
667,Kontra
668,Kontra
669,Re
670,Kontra
671,Kontra
672,Re
673,Kontra
674,Re
675,Re
676,Kontra
677,Re
678,Re
679,Kontra
680,Kontra
681,Kontra
682,Re
683,Kontra
684,Kontra
685,Re
686,Kontra
687,Re
688,Kontra
689,Re
690,Re
691,Kontra
692,Kontra
693,Kontra
694,Kontra
695,Re
696,Re
697,Kontra
698,Re
699,Re
700,Kontra
701,Kontra
702,Re
703,Kontra
704,Re
705,Kontra
706,Kontra
707,Re
708,Re
709,Kontra
710,Re
711,Kontra
712,Re
713,Kontra
714,Re
715,Kontra
716,Re
717,Re
718,Kontra
719,Kontra
720,Re
721,Re
722,Re
723,Kontra
724,Kontra
725,Re
726,Kontra
727,Kontra
728,Re
729,Kontra
730,Kontra
731,Kontra
732,Re
733,Kontra
734,Re
735,Kontra
736,Re
737,Kontra
738,Kontra
739,Re
740,Re
741,Re
742,Re
743,Kontra
744,Kontra
745,Kontra
746,Re
747,Re
748,Kontra
749,Kontra
750,Re
751,Re
752,Kontra
753,Re
754,Kontra
755,Kontra
756,Re
757,Kontra
758,Kontra
759,Kontra
760,Re
761,Re
762,Kontra
763,Kontra
764,Re
765,Re
766,Re
767,Kontra
768,Kontra
769,Kontra
770,Re
771,Re
772,Kontra
773,Kontra
774,Re
775,Re
776,Kontra
777,Re
778,Kontra
779,Kontra
780,Kontra
781,Kontra
782,Re
783,Kontra
784,Re
785,Kontra
786,Re
787,Re
788,Kontra
789,Kontra
790,Re
791,Kontra
792,Re
793,Kontra
794,Re
795,Re
796,Kontra
797,Re
798,Kontra
799,Kontra
800,Re
801,Kontra
802,Re
803,Kontra
804,Re
805,Re
806,Kontra
807,Kontra
808,Re
809,Kontra
810,Re
811,Re
812,Kontra
813,Kontra
814,Re
815,Re
816,Kontra
817,Re
818,Kontra
819,Re
820,Kontra
821,Kontra
822,Re
823,Kontra
824,Re
825,Kontra
826,Kontra
827,Kontra
828,Re
829,Kontra
830,Re
831,Kontra
832,Re
833,Re
834,Kontra
835,Kontra
836,Kontra
837,Kontra
838,Re
839,Kontra
840,Re
841,Kontra
842,Kontra
843,Re
844,Re
845,Kontra
846,Re
847,Kontra
848,Kontra
849,Kontra
850,Re
851,Kontra
852,Kontra
853,Re
854,Kontra
855,Re
856,Kontra
857,Re
858,Kontra
859,Kontra
860,Re
861,Kontra
862,Re
863,Kontra
864,Re
865,Re
866,Kontra
867,Re
868,Kontra
869,Kontra
870,Re
871,Kontra
872,Re
873,Re
874,Re
875,Kontra
876,Kontra
877,Re
878,Re
879,Kontra
880,Kontra
881,Kontra
882,Kontra
883,Re
884,Kontra
885,Re
886,Re
887,Kontra
888,Kontra
889,Re
890,Kontra
891,Kontra
892,Kontra
893,Kontra
894,Re
895,Kontra
896,Re
897,Kontra
898,Kontra
899,Re
900,Re
901,Kontra
902,Kontra
903,Kontra
904,Re
905,Kontra
906,Re
907,Re
908,Kontra
909,Kontra
910,Kontra
911,Re
912,Re
913,Re
914,Kontra
915,Re
916,Kontra
917,Re
918,Kontra
919,Kontra
920,Re
921,Kontra
922,Kontra
923,Re
924,Kontra
925,Re
926,Kontra
927,Re
928,Kontra
929,Kontra
930,Re
931,Re
932,Kontra
933,Kontra
934,Re
935,Kontra
936,Re
937,Re
938,Re
939,Kontra
940,Kontra
941,Kontra
942,Kontra
943,Re
944,Re
945,Kontra
946,Kontra
947,Re
948,Re
949,Kontra
950,Kontra
951,Kontra
952,Re
953,Kontra
954,Re
955,Kontra
956,Re
957,Kontra
958,Kontra
959,Re
960,Re
961,Re
962,Re
963,Kontra
964,Kontra
965,Re
966,Kontra
967,Kontra
968,Re
969,Kontra
970,Kontra
971,Re
972,Re
973,Kontra
974,Kontra
975,Kontra
976,Re
977,Kontra
978,Re
979,Kontra
980,Kontra
981,Re
982,Kontra
983,Kontra
984,Re
985,Re
986,Kontra
987,Kontra
988,Re
989,Re
990,Kontra
991,Re
992,Kontra
993,Kontra
994,Re
995,Kontra
996,Re
997,Re
998,Re
999,Kontra
1000,Kontra
1001,Re
1002,Kontra
1003,Re
1004,Kontra
1005,Re
1006,Re
1007,Kontra
1008,Kontra
1009,Kontra
1010,Kontra
1011,Re
1012,Kontra
1013,Re
1014,Kontra
1015,Re
1016,Kontra
1017,Kontra
1018,Kontra
1019,Kontra
1020,Re
1021,Re
1022,Kontra
1023,Re
1024,Kontra
1025,Re
1026,Re
1027,Kontra
1028,Kontra
1029,Re
1030,Kontra
1031,Kontra
1032,Re
1033,Re
1034,Kontra
1035,Kontra
1036,Kontra
1037,Re
1038,Kontra
1039,Kontra
1040,Re
1041,Kontra
1042,Re
1043,Re
1044,Kontra
1045,Kontra
1046,Re
1047,Kontra
1048,Kontra
1049,Kontra
1050,Re
1051,Kontra
1052,Re
1053,Re
1054,Re
1055,Kontra
1056,Kontra
1057,Re
1058,Kontra
1059,Re
1060,Kontra
1061,Kontra
1062,Re
1063,Kontra
1064,Re
1065,Kontra
1066,Kontra
1067,Re
1068,Re
1069,Re
1070,Kontra
1071,Kontra
1072,Kontra
1073,Kontra
1074,Re
1075,Re
1076,Kontra
1077,Kontra
1078,Re
1079,Kontra
1080,Re
1081,Kontra
1082,Re
1083,Re
1084,Kontra
1085,Kontra
1086,Kontra
1087,Re
1088,Re
1089,Re
1090,Kontra
1091,Kontra
1092,Re
1093,Re
1094,Kontra
1095,Kontra
1096,Re
1097,Re
1098,Re
1099,Kontra
1100,Kontra
1101,Re
1102,Kontra
1103,Re
1104,Kontra
1105,Re
1106,Kontra
1107,Kontra
1108,Re
1109,Kontra
1110,Kontra
1111,Re
1112,Re
1113,Kontra
1114,Kontra
1115,Kontra
1116,Re
1117,Re
1118,Kontra
1119,Kontra
1120,Re
1121,Kontra
1122,Kontra
1123,Kontra
1124,Re
1125,Re
1126,Kontra
1127,Kontra
1128,Re
1129,Kontra
1130,Kontra
1131,Re
1132,Kontra
1133,Kontra
1134,Kontra
1135,Re
1136,Re
1137,Re
1138,Re
1139,Kontra
1140,Kontra
1141,Re
1142,Kontra
1143,Kontra
1144,Re
1145,Kontra
1146,Re
1147,Kontra
1148,Kontra
1149,Kontra
1150,Re
1151,Kontra
1152,Re
1153,Re
1154,Re
1155,Kontra
1156,Kontra
1157,Re
1158,Kontra
1159,Re
1160,Kontra
1161,Kontra
1162,Kontra
1163,Re
1164,Re
1165,Kontra
1166,Re
1167,Kontra
1168,Re
1169,Kontra
1170,Re
1171,Re
1172,Kontra
1173,Kontra
1174,Kontra
1175,Re
1176,Kontra
1177,Re
1178,Kontra
1179,Re
1180,Kontra
1181,Re
1182,Kontra
1183,Re
1184,Kontra
1185,Re
1186,Kontra
1187,Re
1188,Kontra
1189,Re
1190,Kontra
1191,Kontra
1192,Re
1193,Kontra
1194,Kontra
1195,Re
1196,Re
1197,Kontra
1198,Re
1199,Kontra
1200,Re
1201,Kontra
1202,Re
1203,Re
1204,Kontra
1205,Re
1206,Re
1207,Kontra
1208,Kontra
1209,Re
1210,Re
1211,Kontra
1212,Kontra
1213,Kontra
1214,Kontra
1215,Kontra
1216,Re
1217,Kontra
1218,Re
1219,Re
1220,Kontra
1221,Kontra
1222,Kontra
1223,Re
1224,Re
1225,Kontra
1226,Re
1227,Re
1228,Kontra
1229,Kontra
1230,Re
1231,Re
1232,Kontra
1233,Re
1234,Kontra
1235,Kontra
1236,Re
1237,Re
1238,Re
1239,Kontra
1240,Kontra
1241,Re
1242,Kontra
1243,Re
1244,Kontra
1245,Kontra
1246,Re
1247,Re
1248,Kontra
1249,Kontra
1250,Re
1251,Re
1252,Kontra
1253,Kontra
1254,Kontra
1255,Re
1256,Re
1257,Re
1258,Re
1259,Kontra
1260,Kontra
1261,Kontra
1262,Kontra
1263,Re
1264,Kontra
1265,Kontra
1266,Re
1267,Kontra
1268,Re
1269,Re
1270,Kontra
1271,Re
1272,Kontra
1273,Kontra
1274,Re
1275,Re
1276,Kontra
1277,Kontra
1278,Kontra
1279,Re
1280,Re
1281,Re
1282,Kontra
1283,Kontra
1284,Re
1285,Re
1286,Kontra
1287,Kontra
1288,Re
1289,Re
1290,Kontra
1291,Kontra
1292,Re
1293,Kontra
1294,Kontra
1295,Re
1296,Kontra
1297,Kontra
1298,Kontra
1299,Kontra
1300,Re
1301,Kontra
1302,Re
1303,Kontra
1304,Re
1305,Kontra
1306,Kontra
1307,Re
1308,Kontra
1309,Kontra
1310,Kontra
1311,Re
1312,Re
1313,Re
1314,Kontra
1315,Re
1316,Kontra
1317,Kontra
1318,Re
1319,Kontra
1320,Re
1321,Re
1322,Kontra
1323,Kontra
1324,Re
1325,Kontra
1326,Kontra
1327,Re
1328,Re
1329,Re
1330,Kontra
1331,Kontra
1332,Re
1333,Kontra
1334,Re
1335,Kontra
1336,Kontra
1337,Kontra
1338,Re
1339,Kontra
1340,Re
1341,Kontra
1342,Re
1343,Re
1344,Kontra
1345,Kontra
1346,Re
1347,Kontra
1348,Re
1349,Kontra
1350,Kontra
1351,Re
1352,Re
1353,Re
1354,Kontra
1355,Kontra
1356,Re
1357,Re
1358,Kontra
1359,Kontra
1360,Kontra
1361,Kontra
1362,Kontra
1363,Re
1364,Re
1365,Re
1366,Kontra
1367,Re
1368,Kontra
1369,Re
1370,Kontra
1371,Re
1372,Kontra
1373,Re
1374,Re
1375,Kontra
1376,Kontra
1377,Kontra
1378,Re
1379,Re
1380,Kontra
1381,Re
1382,Kontra
1383,Kontra
1384,Re
1385,Kontra
1386,Kontra
1387,Re
1388,Re
1389,Kontra
1390,Re
1391,Re
1392,Kontra
1393,Kontra
1394,Re
1395,Re
1396,Kontra
1397,Re
1398,Kontra
1399,Kontra
1400,Re
1401,Re
1402,Kontra
1403,Re
1404,Kontra
1405,Re
1406,Kontra
1407,Re
1408,Kontra
1409,Re
1410,Re
1411,Kontra
1412,Kontra
1413,Kontra
1414,Kontra
1415,Re
1416,Re
1417,Kontra
1418,Re
1419,Kontra
1420,Re
1421,Re
1422,Kontra
1423,Re
1424,Kontra
1425,Kontra
1426,Kontra
1427,Re
1428,Re
1429,Kontra
1430,Re
1431,Kontra
1432,Re
1433,Kontra
1434,Re
1435,Kontra
1436,Re
1437,Re
1438,Kontra
1439,Re
1440,Kontra
1441,Re
1442,Kontra
1443,Kontra
1444,Kontra
1445,Re
1446,Kontra
1447,Re
1448,Kontra
1449,Kontra
1450,Kontra
1451,Re
1452,Re
1453,Kontra
1454,Re
1455,Kontra
1456,Kontra
1457,Re
1458,Kontra
1459,Kontra
1460,Kontra
1461,Re
1462,Kontra
1463,Re
1464,Kontra
1465,Kontra
1466,Kontra
1467,Kontra
1468,Re
1469,Re
1470,Re
1471,Kontra
1472,Kontra
1473,Re
1474,Kontra
1475,Kontra
1476,Re
1477,Re
1478,Kontra
1479,Kontra
1480,Kontra
1481,Kontra
1482,Re
1483,Kontra
1484,Re
1485,Kontra
1486,Kontra
1487,Re
1488,Re
1489,Re
1490,Kontra
1491,Re
1492,Re
1493,Re
1494,Kontra
1495,Re
1496,Kontra
1497,Re
1498,Re
1499,Kontra
1500,Kontra
1501,Re
1502,Kontra
1503,Kontra
1504,Re
1505,Kontra
1506,Kontra
1507,Re
1508,Re
1509,Re
1510,Kontra
1511,Re
1512,Kontra
1513,Kontra
1514,Kontra
1515,Kontra
1516,Re
1517,Kontra
1518,Kontra
1519,Re
1520,Re
1521,Kontra
1522,Re
1523,Kontra
1524,Re
1525,Re
1526,Kontra
1527,Kontra
1528,Re
1529,Kontra
1530,Re
1531,Kontra
1532,Re
1533,Kontra
1534,Kontra
1535,Re
1536,Re
1537,Kontra
1538,Re
1539,Kontra
1540,Re
1541,Kontra
1542,Re
1543,Kontra
1544,Re
1545,Re
1546,Kontra
1547,Kontra
1548,Re
1549,Kontra
1550,Kontra
1551,Re
1552,Re
1553,Kontra
1554,Re
1555,Re
1556,Kontra
1557,Kontra
1558,Re
1559,Re
1560,Kontra
1561,Kontra
1562,Kontra
1563,Re
1564,Re
1565,Re
1566,Kontra
1567,Kontra
1568,Re
1569,Kontra
1570,Re
1571,Kontra
1572,Re
1573,Re
1574,Kontra
1575,Re
1576,Kontra
1577,Kontra
1578,Re
1579,Kontra
1580,Re
1581,Kontra
1582,Kontra
1583,Re
1584,Re
1585,Kontra
1586,Re
1587,Kontra
1588,Re
1589,Re
1590,Kontra
1591,Kontra
1592,Re
1593,Kontra
1594,Kontra
1595,Kontra
1596,Re
1597,Re
1598,Re
1599,Kontra
1600,Kontra
1601,Re
1602,Re
1603,Kontra
1604,Kontra
1605,Re
1606,Kontra
1607,Kontra
1608,Re
1609,Re
1610,Kontra
1611,Re
1612,Kontra
1613,Re
1614,Re
1615,Kontra
1616,Kontra
1617,Re
1618,Re
1619,Kontra
1620,Kontra
1621,Kontra
1622,Re
1623,Kontra
1624,Re
1625,Kontra
1626,Kontra
1627,Kontra
1628,Re
1629,Re
1630,Kontra
1631,Kontra
1632,Re
1633,Kontra
1634,Kontra
1635,Re
1636,Re
1637,Kontra
1638,Re
1639,Kontra
1640,Re
1641,Kontra
1642,Re
1643,Kontra
1644,Re
1645,Re
1646,Kontra
1647,Re
1648,Kontra
1649,Re
1650,Kontra
1651,Kontra
1652,Kontra
1653,Re
1654,Re
1655,Kontra
1656,Kontra
1657,Re
1658,Kontra
1659,Kontra
1660,Kontra
1661,Re
1662,Re
1663,Kontra
1664,Kontra
1665,Re
1666,Re
1667,Kontra
1668,Kontra
1669,Re
1670,Re
1671,Kontra
1672,Kontra
1673,Re
1674,Kontra
1675,Kontra
1676,Re
1677,Re
1678,Kontra
1679,Kontra
1680,Re
1681,Kontra
1682,Re
1683,Kontra
1684,Kontra
1685,Re
1686,Kontra
1687,Re
1688,Kontra
1689,Re
1690,Re
1691,Kontra
1692,Kontra
1693,Kontra
1694,Kontra
1695,Kontra
1696,Re
1697,Re
1698,Kontra
1699,Re
1700,Kontra
1701,Kontra
1702,Re
1703,Re
1704,Kontra
1705,Re
1706,Re
1707,Kontra
1708,Kontra
1709,Re
1710,Kontra
1711,Re
1712,Kontra
1713,Re
1714,Re
1715,Kontra
1716,Kontra
1717,Kontra
1718,Kontra
1719,Re
1720,Re
1721,Kontra
1722,Re
1723,Kontra
1724,Re
1725,Re
1726,Kontra
1727,Re
1728,Kontra
1729,Re
1730,Kontra
1731,Re
1732,Kontra
1733,Re
1734,Re
1735,Kontra
1736,Kontra
1737,Kontra
1738,Re
1739,Re
1740,Kontra
1741,Re
1742,Re
1743,Kontra
1744,Kontra
1745,Kontra
1746,Kontra
1747,Kontra
1748,Re
1749,Kontra
1750,Re
1751,Re
1752,Kontra
1753,Kontra
1754,Kontra
1755,Re
1756,Re
1757,Kontra
1758,Kontra
1759,Re
1760,Kontra
1761,Kontra
1762,Re
1763,Re
1764,Kontra
1765,Kontra
1766,Kontra
1767,Kontra
1768,Re
1769,Kontra
1770,Re
1771,Kontra
1772,Re
1773,Kontra
1774,Re
1775,Kontra
1776,Re
1777,Re
1778,Kontra
1779,Re
1780,Kontra
1781,Kontra
1782,Kontra
1783,Re
1784,Re
1785,Kontra
1786,Kontra
1787,Kontra
1788,Re
1789,Re
1790,Kontra
1791,Re
1792,Kontra
1793,Kontra
1794,Kontra
1795,Kontra
1796,Re
1797,Kontra
1798,Re
1799,Re
1800,Kontra
1801,Re
1802,Kontra
1803,Kontra
1804,Re
1805,Kontra
1806,Re
1807,Kontra
1808,Re
1809,Kontra
1810,Re
1811,Re
1812,Kontra
1813,Re
1814,Kontra
1815,Kontra
1816,Kontra
1817,Kontra
1818,Re
1819,Re
1820,Kontra
1821,Kontra
1822,Re
1823,Re
1824,Kontra
1825,Re
1826,Kontra
1827,Kontra
1828,Re
1829,Re
1830,Kontra
1831,Re
1832,Kontra
1833,Kontra
1834,Re
1835,Re
1836,Kontra
1837,Re
1838,Kontra
1839,Kontra
1840,Re
1841,Kontra
1842,Re
1843,Kontra
1844,Kontra
1845,Re
1846,Kontra
1847,Kontra
1848,Re
1849,Kontra
1850,Kontra
1851,Re
1852,Re
1853,Kontra
1854,Kontra
1855,Re
1856,Re
1857,Kontra
1858,Re
1859,Kontra
1860,Re
1861,Kontra
1862,Kontra
1863,Re
1864,Kontra
1865,Kontra
1866,Kontra
1867,Re
1868,Kontra
1869,Re
1870,Kontra
1871,Kontra
1872,Re
1873,Kontra
1874,Re
1875,Kontra
1876,Re
1877,Kontra
1878,Re
1879,Re
1880,Kontra
1881,Re
1882,Kontra
1883,Re
1884,Kontra
1885,Re
1886,Kontra
1887,Re
1888,Kontra
1889,Re
1890,Re
1891,Kontra
1892,Kontra
1893,Re
1894,Kontra
1895,Kontra
1896,Re
1897,Kontra
1898,Re
1899,Re
1900,Kontra
1901,Kontra
1902,Kontra
1903,Re
1904,Re
1905,Re
1906,Kontra
1907,Kontra
1908,Re
1909,Kontra
1910,Re
1911,Re
1912,Kontra
1913,Re
1914,Re
1915,Kontra
1916,Kontra
1917,Re
1918,Kontra
1919,Re
1920,Kontra
1921,Kontra
1922,Re
1923,Kontra
1924,Re
1925,Kontra
1926,Re
1927,Kontra
1928,Re
1929,Re
1930,Kontra
1931,Kontra
1932,Re
1933,Re
1934,Kontra
1935,Re
1936,Kontra
1937,Kontra
1938,Re
1939,Kontra
1940,Re
1941,Re
1942,Kontra
1943,Re
1944,Kontra
1945,Re
1946,Kontra
1947,Re
1948,Kontra
1949,Kontra
1950,Kontra
1951,Re
1952,Re
1953,Kontra
1954,Kontra
1955,Re
1956,Re
1957,Re
1958,Kontra
1959,Re
1960,Kontra
1961,Re
1962,Re
1963,Kontra
1964,Kontra
1965,Kontra
1966,Kontra
1967,Kontra
1968,Re
1969,Kontra
1970,Kontra
1971,Re
1972,Re
1973,Kontra
1974,Kontra
1975,Re
1976,Re
1977,Re
1978,Re
1979,Kontra
1980,Kontra
1981,Re
1982,Kontra
1983,Re
1984,Kontra
1985,Re
1986,Kontra
1987,Re
1988,Kontra
1989,Re
1990,Kontra
1991,Re
1992,Kontra
1993,Kontra
1994,Re
1995,Kontra
1996,Re
1997,Kontra
1998,Kontra
1999,Re
2000,Re
2001,Re
2002,Kontra
2003,Kontra
2004,Kontra
2005,Kontra
2006,Re
2007,Kontra
2008,Re
2009,Kontra
2010,Re
2011,Kontra
2012,Re
2013,Re
2014,Kontra
2015,Kontra
2016,Re
2017,Re
2018,Kontra
2019,Re
2020,Kontra
2021,Kontra
2022,Kontra
2023,Re
2024,Re
2025,Kontra
2026,Kontra
2027,Re
2028,Re
2029,Kontra
2030,Kontra
2031,Re
2032,Re
2033,Kontra
2034,Re
2035,Re
2036,Kontra
2037,Re
2038,Kontra
2039,Kontra
2040,Kontra
2041,Re
2042,Re
2043,Kontra
2044,Kontra
2045,Kontra
2046,Re
2047,Kontra
2048,Re
2049,Re
2050,Re
2051,Kontra
2052,Kontra
2053,Kontra
2054,Kontra
2055,Re
2056,Kontra
2057,Re
2058,Kontra
2059,Re
2060,Kontra
2061,Kontra
2062,Re
2063,Kontra
2064,Re
2065,Kontra
2066,Re
2067,Re
2068,Kontra
2069,Re
2070,Re
2071,Kontra
2072,Kontra
2073,Kontra
2074,Kontra
2075,Re
2076,Re
2077,Re
2078,Kontra
2079,Re
2080,Kontra
2081,Kontra
2082,Kontra
2083,Re
2084,Re
2085,Re
2086,Kontra
2087,Kontra
2088,Kontra
2089,Re
2090,Kontra
2091,Kontra
2092,Re
2093,Kontra
2094,Kontra
2095,Re
2096,Re
2097,Re
2098,Kontra
2099,Kontra
2100,Re
2101,Kontra
2102,Re
2103,Kontra
2104,Re
2105,Re
2106,Kontra
2107,Kontra
2108,Re
2109,Kontra
2110,Re
2111,Kontra
2112,Kontra
2113,Kontra
2114,Re
2115,Re
2116,Kontra
2117,Re
2118,Kontra
2119,Kontra
2120,Re
2121,Kontra
2122,Kontra
2123,Re
2124,Re
2125,Re
2126,Kontra
2127,Kontra
2128,Re
2129,Re
2130,Kontra
2131,Kontra
2132,Re
2133,Re
2134,Kontra
2135,Re
2136,Kontra
2137,Kontra
2138,Kontra
2139,Re
2140,Re
2141,Re
2142,Kontra
2143,Kontra
2144,Re
2145,Re
2146,Kontra
2147,Re
2148,Kontra
2149,Kontra
2150,Re
2151,Kontra
2152,Re
2153,Kontra
2154,Re
2155,Kontra
2156,Re
2157,Re
2158,Kontra
2159,Kontra
2160,Kontra
2161,Re
2162,Re
2163,Kontra
2164,Kontra
2165,Re
2166,Kontra
2167,Kontra
2168,Re
2169,Re
2170,Kontra
2171,Kontra
2172,Kontra
2173,Kontra
2174,Re
2175,Re
2176,Kontra
2177,Re
2178,Re
2179,Kontra
2180,Kontra
2181,Re
2182,Kontra
2183,Re
2184,Kontra
2185,Kontra
2186,Re
2187,Re
2188,Kontra
2189,Re
2190,Kontra
2191,Re
2192,Kontra
2193,Kontra
2194,Re
2195,Re
2196,Kontra
2197,Kontra
2198,Re
2199,Kontra
2200,Re
2201,Kontra
2202,Re
2203,Re
2204,Kontra
2205,Kontra
2206,Kontra
2207,Re
2208,Re
2209,Kontra
2210,Kontra
2211,Re
2212,Re
2213,Re
2214,Kontra
2215,Re
2216,Kontra
2217,Re
2218,Kontra
2219,Re
2220,Kontra
2221,Re
2222,Re
2223,Kontra
2224,Kontra
2225,Kontra
2226,Re
2227,Re
2228,Kontra
2229,Re
2230,Kontra
2231,Re
2232,Kontra
2233,Kontra
2234,Kontra
2235,Re
2236,Re
2237,Kontra
2238,Kontra
2239,Kontra
2240,Re
2241,Re
2242,Kontra
2243,Kontra
2244,Re
2245,Re
2246,Kontra
2247,Re
2248,Kontra
2249,Kontra
2250,Re
2251,Kontra
2252,Re
2253,Kontra
2254,Re
2255,Kontra
2256,Kontra
2257,Kontra
2258,Re
2259,Re
2260,Kontra
2261,Kontra
2262,Kontra
2263,Kontra
2264,Re
2265,Re
2266,Kontra
2267,Kontra
2268,Re
2269,Kontra
2270,Re
2271,Kontra
2272,Kontra
2273,Re
2274,Kontra
2275,Kontra
2276,Kontra
2277,Kontra
2278,Re
2279,Kontra
2280,Re
2281,Re
2282,Kontra
2283,Kontra
2284,Re
2285,Re
2286,Kontra
2287,Kontra
2288,Kontra
2289,Kontra
2290,Re
2291,Kontra
2292,Re
2293,Kontra
2294,Re
2295,Kontra
2296,Re
2297,Kontra
2298,Kontra
2299,Re
2300,Re
2301,Kontra
2302,Kontra
2303,Kontra
2304,Re
2305,Re
2306,Kontra
2307,Kontra
2308,Re
2309,Re
2310,Kontra
2311,Re
2312,Kontra
2313,Kontra
2314,Re
2315,Kontra
2316,Re
2317,Re
2318,Kontra
2319,Re
2320,Kontra
2321,Re
2322,Kontra
2323,Kontra
2324,Re
2325,Kontra
2326,Re
2327,Re
2328,Kontra
2329,Kontra
2330,Kontra
2331,Re
2332,Kontra
2333,Re
2334,Re
2335,Kontra
2336,Kontra
2337,Re
2338,Kontra
2339,Re
2340,Kontra
2341,Kontra
2342,Kontra
2343,Re
2344,Kontra
2345,Re
2346,Re
2347,Kontra
2348,Kontra
2349,Re
2350,Kontra
2351,Re
2352,Kontra
2353,Kontra
2354,Kontra
2355,Kontra
2356,Re
2357,Kontra
2358,Kontra
2359,Re
2360,Re
2361,Kontra
2362,Re
2363,Re
2364,Kontra
2365,Kontra
2366,Re
2367,Kontra
2368,Re
2369,Re
2370,Kontra
2371,Re
2372,Kontra
2373,Re
2374,Re
2375,Kontra
2376,Kontra
2377,Kontra
2378,Re
2379,Kontra
2380,Re
2381,Re
2382,Kontra
2383,Kontra
2384,Re
2385,Re
2386,Re
2387,Kontra
2388,Kontra
2389,Kontra
2390,Kontra
2391,Kontra
2392,Re
2393,Re
2394,Kontra
2395,Re
2396,Kontra
2397,Kontra
2398,Re
2399,Re
2400,Kontra
2401,Kontra
2402,Re
2403,Re
2404,Kontra
2405,Kontra
2406,Kontra
2407,Re
2408,Re
2409,Kontra
2410,Re
2411,Re
2412,Kontra
2413,Re
2414,Re
2415,Kontra
2416,Kontra
2417,Kontra
2418,Kontra
2419,Kontra
2420,Re
2421,Re
2422,Kontra
2423,Re
2424,Kontra
2425,Re
2426,Kontra
2427,Re
2428,Kontra
2429,Kontra
2430,Kontra
2431,Re
2432,Kontra
2433,Re
2434,Kontra
2435,Kontra
2436,Re
2437,Kontra
2438,Re
2439,Kontra
2440,Kontra
2441,Re
2442,Kontra
2443,Re
2444,Kontra
2445,Kontra
2446,Re
2447,Re
2448,Kontra
2449,Kontra
2450,Re
2451,Re
2452,Kontra
2453,Re
2454,Kontra
2455,Re
2456,Kontra
2457,Kontra
2458,Re
2459,Kontra
2460,Re
2461,Re
2462,Kontra
2463,Kontra
2464,Re
2465,Kontra
2466,Kontra
2467,Re
2468,Re
2469,Re
2470,Kontra
2471,Kontra
2472,Re
2473,Re
2474,Kontra
2475,Kontra
2476,Kontra
2477,Kontra
2478,Kontra
2479,Re
2480,Kontra
2481,Kontra
2482,Kontra
2483,Re
2484,Re
2485,Kontra
2486,Re
2487,Kontra
2488,Re
2489,Kontra
2490,Re
2491,Re
2492,Kontra
2493,Re
2494,Kontra
2495,Kontra
2496,Re
2497,Kontra
2498,Kontra
2499,Kontra
2500,Re
2501,Re
2502,Kontra
2503,Kontra
2504,Re
2505,Kontra
2506,Re
2507,Kontra
2508,Kontra
2509,Re
2510,Kontra
2511,Re
2512,Kontra
2513,Kontra
2514,Kontra
2515,Re
2516,Re
2517,Kontra
2518,Re
2519,Kontra
2520,Re
2521,Re
2522,Kontra
2523,Re
2524,Kontra
2525,Kontra
2526,Re
2527,Kontra
2528,Re
2529,Re
2530,Kontra
2531,Kontra
2532,Re
2533,Re
2534,Kontra
2535,Re
2536,Kontra
2537,Re
2538,Re
2539,Kontra
2540,Kontra
2541,Re
2542,Kontra
2543,Re
2544,Kontra
2545,Re
2546,Kontra
2547,Re
2548,Kontra
2549,Kontra
2550,Kontra
2551,Re
2552,Re
2553,Kontra
2554,Kontra
2555,Re
2556,Re
2557,Kontra
2558,Kontra
2559,Kontra
2560,Re
2561,Kontra
2562,Re
2563,Kontra
2564,Re
2565,Re
2566,Kontra
2567,Re
2568,Kontra
2569,Re
2570,Re
2571,Kontra
2572,Kontra
2573,Re
2574,Kontra
2575,Kontra
2576,Re
2577,Re
2578,Re
2579,Kontra
2580,Kontra
2581,Kontra
2582,Re
2583,Kontra
2584,Re
2585,Re
2586,Kontra
2587,Kontra
2588,Kontra
2589,Re
2590,Kontra
2591,Kontra
2592,Re
2593,Re
2594,Re
2595,Kontra
2596,Kontra
2597,Kontra
2598,Re
2599,Kontra
2600,Kontra
2601,Kontra
2602,Re
2603,Re
2604,Kontra
2605,Kontra
2606,Re
2607,Kontra
2608,Kontra
2609,Re
2610,Kontra
2611,Kontra
2612,Re
2613,Re
2614,Kontra
2615,Kontra
2616,Re
2617,Kontra
2618,Kontra
2619,Kontra
2620,Re
2621,Kontra
2622,Re
2623,Kontra
2624,Re
2625,Kontra
2626,Kontra
2627,Re
2628,Re
2629,Re
2630,Kontra
2631,Kontra
2632,Kontra
2633,Kontra
2634,Re
2635,Kontra
2636,Kontra
2637,Re
2638,Kontra
2639,Re
2640,Kontra
2641,Re
2642,Re
2643,Kontra
2644,Kontra
2645,Kontra
2646,Kontra
2647,Re
2648,Re
2649,Re
2650,Re
2651,Kontra
2652,Kontra
2653,Re
2654,Kontra
2655,Re
2656,Kontra
2657,Re
2658,Re
2659,Kontra
2660,Kontra
2661,Kontra
2662,Kontra
2663,Re
2664,Re
2665,Re
2666,Kontra
2667,Kontra
2668,Re
2669,Re
2670,Kontra
2671,Kontra
2672,Re
2673,Kontra
2674,Kontra
2675,Re
2676,Re
2677,Re
2678,Re
2679,Kontra
2680,Kontra
2681,Re
2682,Kontra
2683,Re
2684,Kontra
2685,Kontra
2686,Re
2687,Re
2688,Kontra
2689,Re
2690,Kontra
2691,Kontra
2692,Re
2693,Kontra
2694,Kontra
2695,Re
2696,Re
2697,Kontra
2698,Re
2699,Re
2700,Kontra
2701,Re
2702,Kontra
2703,Kontra
2704,Kontra
2705,Re
2706,Kontra
2707,Kontra
2708,Kontra
2709,Kontra
2710,Re
2711,Kontra
2712,Re
2713,Re
2714,Re
2715,Kontra
2716,Kontra
2717,Kontra
2718,Re
2719,Kontra
2720,Kontra
2721,Kontra
2722,Kontra
2723,Re
2724,Re
2725,Re
2726,Re
2727,Kontra
2728,Kontra
2729,Kontra
2730,Re
2731,Re
2732,Kontra
2733,Re
2734,Kontra
2735,Kontra
2736,Re
2737,Re
2738,Kontra
2739,Kontra
2740,Re
2741,Kontra
2742,Re
2743,Re
2744,Kontra
2745,Kontra
2746,Re
2747,Re
2748,Kontra
2749,Kontra
2750,Re
2751,Re
2752,Kontra
2753,Kontra
2754,Re
2755,Re
2756,Kontra
2757,Re
2758,Kontra
2759,Kontra
2760,Re
2761,Re
2762,Re
2763,Kontra
2764,Kontra
2765,Re
2766,Kontra
2767,Re
2768,Kontra
2769,Re
2770,Kontra
2771,Re
2772,Kontra
2773,Re
2774,Kontra
2775,Kontra
2776,Re
2777,Kontra
2778,Kontra
2779,Re
2780,Re
2781,Kontra
2782,Kontra
2783,Re
2784,Re
2785,Re
2786,Re
2787,Kontra
2788,Kontra
2789,Re
2790,Kontra
2791,Re
2792,Kontra
2793,Kontra
2794,Kontra
2795,Re
2796,Re
2797,Kontra
2798,Kontra
2799,Re
2800,Kontra
2801,Kontra
2802,Re
2803,Kontra
2804,Re
2805,Kontra
2806,Kontra
2807,Kontra
2808,Re
2809,Kontra
2810,Kontra
2811,Re
2812,Re
2813,Re
2814,Kontra
2815,Kontra
2816,Kontra
2817,Kontra
2818,Re
2819,Re
2820,Kontra
2821,Kontra
2822,Re
2823,Re
2824,Kontra
2825,Re
2826,Kontra
2827,Re
2828,Kontra
2829,Kontra
2830,Re
2831,Kontra
2832,Kontra
2833,Kontra
2834,Re
2835,Kontra
2836,Re
2837,Kontra
2838,Kontra
2839,Re
2840,Kontra
2841,Re
2842,Kontra
2843,Re
2844,Kontra
2845,Kontra
2846,Re
2847,Kontra
2848,Re
2849,Kontra
2850,Kontra
2851,Re
2852,Kontra
2853,Re
2854,Kontra
2855,Kontra
2856,Kontra
2857,Kontra
2858,Re
2859,Kontra
2860,Re
2861,Kontra
2862,Re
2863,Kontra
2864,Re
2865,Kontra
2866,Kontra
2867,Re
2868,Re
2869,Kontra
2870,Re
2871,Kontra
2872,Re
2873,Re
2874,Kontra
2875,Kontra
2876,Re
2877,Kontra
2878,Re
2879,Kontra
2880,Re
2881,Kontra
2882,Re
2883,Kontra
2884,Re
2885,Re
2886,Kontra
2887,Kontra
2888,Re
2889,Kontra
2890,Re
2891,Kontra
2892,Re
2893,Kontra
2894,Re
2895,Kontra
2896,Re
2897,Re
2898,Kontra
2899,Re
2900,Kontra
2901,Kontra
2902,Re
2903,Re
2904,Kontra
2905,Re
2906,Kontra
2907,Kontra
2908,Kontra
2909,Kontra
2910,Kontra
2911,Re
2912,Kontra
2913,Re
2914,Kontra
2915,Re
2916,Kontra
2917,Kontra
2918,Kontra
2919,Re
2920,Re
2921,Kontra
2922,Re
2923,Re
2924,Kontra
2925,Re
2926,Re
2927,Kontra
2928,Kontra
2929,Kontra
2930,Re
2931,Kontra
2932,Re
2933,Kontra
2934,Kontra
2935,Re
2936,Re
2937,Re
2938,Kontra
2939,Kontra
2940,Re
2941,Kontra
2942,Re
2943,Re
2944,Kontra
2945,Re
2946,Kontra
2947,Kontra
2948,Kontra
2949,Re
2950,Re
2951,Kontra
2952,Kontra
2953,Re
2954,Re
2955,Kontra
2956,Kontra
2957,Re
2958,Re
2959,Kontra
2960,Kontra
2961,Kontra
2962,Kontra
2963,Re
2964,Re
2965,Kontra
2966,Re
2967,Kontra
2968,Re
2969,Re
2970,Kontra
2971,Kontra
2972,Re
2973,Kontra
2974,Re
2975,Kontra
2976,Kontra
2977,Re
2978,Kontra
2979,Re
2980,Kontra
2981,Kontra
2982,Re
2983,Re
2984,Kontra
2985,Re
2986,Kontra
2987,Kontra
2988,Re
2989,Kontra
2990,Kontra
2991,Re
2992,Re
2993,Kontra
2994,Re
2995,Kontra
2996,Re
2997,Kontra
2998,Kontra
2999,Re
3000,Kontra
3001,Kontra
3002,Kontra
3003,Re
3004,Re
3005,Re
3006,Kontra
3007,Re
3008,Kontra
3009,Re
3010,Re
3011,Kontra
3012,Kontra
3013,Kontra
3014,Kontra
3015,Re
3016,Re
3017,Kontra
3018,Re
3019,Kontra
3020,Kontra
3021,Re
3022,Kontra
3023,Kontra
3024,Re
3025,Kontra
3026,Kontra
3027,Re
3028,Re
3029,Kontra
3030,Kontra
3031,Re
3032,Re
3033,Re
3034,Kontra
3035,Re
3036,Kontra
3037,Kontra
3038,Kontra
3039,Re
3040,Re
3041,Re
3042,Re
3043,Kontra
3044,Kontra
3045,Kontra
3046,Re
3047,Kontra
3048,Re
3049,Kontra
3050,Re
3051,Kontra
3052,Re
3053,Re
3054,Re
3055,Kontra
3056,Kontra
3057,Kontra
3058,Re
3059,Re
3060,Kontra
3061,Re
3062,Kontra
3063,Kontra
3064,Kontra
3065,Kontra
3066,Kontra
3067,Kontra
3068,Re
3069,Kontra
3070,Kontra
3071,Kontra
3072,Re
3073,Re
3074,Kontra
3075,Re
3076,Kontra
3077,Re
3078,Kontra
3079,Kontra
3080,Kontra
3081,Kontra
3082,Re
3083,Re
3084,Re
3085,Kontra
3086,Kontra
3087,Re
3088,Re
3089,Kontra
3090,Re
3091,Kontra
3092,Re
3093,Re
3094,Kontra
3095,Kontra
3096,Re
3097,Re
3098,Kontra
3099,Re
3100,Kontra
3101,Re
3102,Kontra
3103,Re
3104,Kontra
3105,Re
3106,Kontra
3107,Re
3108,Kontra
3109,Re
3110,Kontra
3111,Re
3112,Kontra
3113,Re
3114,Re
3115,Kontra
3116,Kontra
3117,Re
3118,Kontra
3119,Kontra
3120,Re
3121,Re
3122,Kontra
3123,Re
3124,Kontra
3125,Re
3126,Re
3127,Kontra
3128,Kontra
3129,Kontra
3130,Kontra
3131,Kontra
3132,Re
3133,Kontra
3134,Re
3135,Re
3136,Kontra
3137,Re
3138,Kontra
3139,Kontra
3140,Re
3141,Re
3142,Kontra
3143,Kontra
3144,Re
3145,Kontra
3146,Kontra
3147,Re
3148,Kontra
3149,Re
3150,Kontra
3151,Re
3152,Kontra
3153,Re
3154,Kontra
3155,Re
3156,Kontra
3157,Kontra
3158,Kontra
3159,Re
3160,Re
3161,Kontra
3162,Kontra
3163,Kontra
3164,Re
3165,Re
3166,Kontra
3167,Re
3168,Kontra
3169,Re
3170,Kontra
3171,Kontra
3172,Re
3173,Re
3174,Kontra
3175,Kontra
3176,Re
3177,Kontra
3178,Re
3179,Kontra
3180,Kontra
3181,Kontra
3182,Kontra
3183,Re
3184,Kontra
3185,Kontra
3186,Kontra
3187,Re
3188,Re
3189,Kontra
3190,Re
3191,Kontra
3192,Re
3193,Kontra
3194,Kontra
3195,Re
3196,Re
3197,Kontra
3198,Re
3199,Re
3200,Kontra
3201,Kontra
3202,Kontra
3203,Re
3204,Re
3205,Re
3206,Kontra
3207,Re
3208,Kontra
3209,Re
3210,Kontra
3211,Re
3212,Kontra
3213,Kontra
3214,Kontra
3215,Re
3216,Re
3217,Kontra
3218,Re
3219,Kontra
3220,Re
3221,Re
3222,Re
3223,Kontra
3224,Kontra
3225,Kontra
3226,Kontra
3227,Re
3228,Re
3229,Kontra
3230,Re
3231,Kontra
3232,Re
3233,Re
3234,Kontra
3235,Kontra
3236,Kontra
3237,Kontra
3238,Re
3239,Kontra
3240,Re
3241,Re
3242,Re
3243,Kontra
3244,Kontra
3245,Re
3246,Re
3247,Kontra
3248,Kontra
3249,Kontra
3250,Kontra
3251,Re
3252,Kontra
3253,Re
3254,Re
3255,Kontra
3256,Kontra
3257,Kontra
3258,Kontra
3259,Re
3260,Re
3261,Re
3262,Kontra
3263,Kontra
3264,Re
3265,Re
3266,Re
3267,Kontra
3268,Kontra
3269,Re
3270,Kontra
3271,Kontra
3272,Re
3273,Re
3274,Re
3275,Kontra
3276,Kontra
3277,Kontra
3278,Kontra
3279,Kontra
3280,Re
3281,Kontra
3282,Kontra
3283,Re
3284,Re
3285,Kontra
3286,Re
3287,Kontra
3288,Re
3289,Kontra
3290,Re
3291,Re
3292,Kontra
3293,Kontra
3294,Kontra
3295,Re
3296,Re
3297,Kontra
3298,Re
3299,Re
3300,Kontra
3301,Re
3302,Kontra
3303,Kontra
3304,Kontra
3305,Kontra
3306,Re
3307,Kontra
3308,Re
3309,Re
3310,Kontra
3311,Re
3312,Kontra
3313,Kontra
3314,Re
3315,Re
3316,Kontra
3317,Kontra
3318,Kontra
3319,Re
3320,Re
3321,Re
3322,Kontra
3323,Re
3324,Kontra
3325,Kontra
3326,Kontra
3327,Re
3328,Re
3329,Re
3330,Kontra
3331,Kontra
3332,Re
3333,Kontra
3334,Re
3335,Kontra
3336,Re
3337,Re
3338,Kontra
3339,Re
3340,Kontra
3341,Kontra
3342,Re
3343,Re
3344,Kontra
3345,Re
3346,Re
3347,Re
3348,Kontra
3349,Kontra
3350,Kontra
3351,Kontra
3352,Re
3353,Kontra
3354,Re
3355,Kontra
3356,Kontra
3357,Kontra
3358,Re
3359,Re
3360,Kontra
3361,Kontra
3362,Re
3363,Kontra
3364,Re
3365,Kontra
3366,Re
3367,Kontra
3368,Kontra
3369,Kontra
3370,Re
3371,Re
3372,Kontra
3373,Re
3374,Re
3375,Kontra
3376,Kontra
3377,Re
3378,Kontra
3379,Re
3380,Kontra
3381,Re
3382,Kontra
3383,Kontra
3384,Kontra
3385,Kontra
3386,Kontra
3387,Re
3388,Kontra
3389,Re
3390,Re
3391,Kontra
3392,Kontra
3393,Re
3394,Re
3395,Kontra
3396,Kontra
3397,Kontra
3398,Re
3399,Kontra
3400,Re
3401,Re
3402,Re
3403,Kontra
3404,Kontra
3405,Kontra
3406,Kontra
3407,Re
3408,Re
3409,Re
3410,Re
3411,Kontra
3412,Kontra
3413,Kontra
3414,Re
3415,Re
3416,Kontra
3417,Kontra
3418,Re
3419,Kontra
3420,Kontra
3421,Kontra
3422,Kontra
3423,Re
3424,Re
3425,Kontra
3426,Re
3427,Kontra
3428,Re
3429,Kontra
3430,Re
3431,Re
3432,Kontra
3433,Kontra
3434,Re
3435,Kontra
3436,Re
3437,Re
3438,Re
3439,Kontra
3440,Kontra
3441,Re
3442,Re
3443,Kontra
3444,Kontra
3445,Kontra
3446,Re
3447,Re
3448,Kontra
3449,Re
3450,Kontra
3451,Kontra
3452,Re
3453,Kontra
3454,Re
3455,Kontra
3456,Re
3457,Kontra
3458,Re
3459,Re
3460,Kontra
3461,Re
3462,Kontra
3463,Re
3464,Kontra
3465,Re
3466,Re
3467,Kontra
3468,Kontra
3469,Re
3470,Kontra
3471,Kontra
3472,Re
3473,Kontra
3474,Kontra
3475,Kontra
3476,Re
3477,Re
3478,Kontra
3479,Kontra
3480,Kontra
3481,Kontra
3482,Kontra
3483,Re
3484,Re
3485,Re
3486,Kontra
3487,Re
3488,Kontra
3489,Re
3490,Kontra
3491,Kontra
3492,Re
3493,Kontra
3494,Re
3495,Re
3496,Kontra
3497,Kontra
3498,Kontra
3499,Re
3500,Kontra
3501,Kontra
3502,Re
3503,Kontra
3504,Re
3505,Kontra
3506,Re
3507,Re
3508,Kontra
3509,Kontra
3510,Kontra
3511,Re
3512,Re
3513,Re
3514,Kontra
3515,Re
3516,Kontra
3517,Re
3518,Re
3519,Kontra
3520,Kontra
3521,Re
3522,Kontra
3523,Kontra
3524,Re
3525,Kontra
3526,Re
3527,Kontra
3528,Kontra
3529,Kontra
3530,Re
3531,Kontra
3532,Re
3533,Re
3534,Kontra
3535,Re
3536,Kontra
3537,Re
3538,Re
3539,Kontra
3540,Kontra
3541,Kontra
3542,Re
3543,Kontra
3544,Re
3545,Re
3546,Kontra
3547,Kontra
3548,Re
3549,Re
3550,Kontra
3551,Re
3552,Kontra
3553,Kontra
3554,Re
3555,Kontra
3556,Re
3557,Re
3558,Re
3559,Kontra
3560,Kontra
3561,Re
3562,Kontra
3563,Kontra
3564,Kontra
3565,Re
3566,Re
3567,Kontra
3568,Kontra
3569,Re
3570,Re
3571,Kontra
3572,Kontra
3573,Kontra
3574,Re
3575,Kontra
3576,Re
3577,Kontra
3578,Kontra
3579,Re
3580,Re
3581,Kontra
3582,Re
3583,Re
3584,Kontra
3585,Kontra
3586,Kontra
3587,Re
3588,Re
3589,Kontra
3590,Kontra
3591,Re
3592,Kontra
3593,Re
3594,Kontra
3595,Kontra
3596,Re
3597,Kontra
3598,Kontra
3599,Re
3600,Re
3601,Kontra
3602,Re
3603,Kontra
3604,Kontra
3605,Kontra
3606,Re
3607,Re
3608,Kontra
3609,Re
3610,Kontra
3611,Re
3612,Kontra
3613,Kontra
3614,Re
3615,Kontra
3616,Re
3617,Re
3618,Kontra
3619,Kontra
3620,Re
3621,Kontra
3622,Kontra
3623,Re
3624,Kontra
3625,Kontra
3626,Kontra
3627,Re
3628,Re
3629,Re
3630,Re
3631,Kontra
3632,Kontra
3633,Re
3634,Kontra
3635,Kontra
3636,Re
3637,Kontra
3638,Re
3639,Kontra
3640,Kontra
3641,Kontra
3642,Kontra
3643,Re
3644,Kontra
3645,Re
3646,Kontra
3647,Kontra
3648,Re
3649,Re
3650,Kontra
3651,Kontra
3652,Re
3653,Re
3654,Re
3655,Kontra
3656,Kontra
3657,Re
3658,Re
3659,Kontra
3660,Kontra
3661,Kontra
3662,Re
3663,Kontra
3664,Re
3665,Re
3666,Kontra
3667,Re
3668,Kontra
3669,Kontra
3670,Re
3671,Re
3672,Kontra
3673,Kontra
3674,Kontra
3675,Kontra
3676,Re
3677,Re
3678,Kontra
3679,Kontra
3680,Re
3681,Re
3682,Kontra
3683,Kontra
3684,Re
3685,Re
3686,Kontra
3687,Kontra
3688,Re
3689,Re
3690,Re
3691,Kontra
3692,Kontra
3693,Kontra
3694,Kontra
3695,Kontra
3696,Re
3697,Re
3698,Re
3699,Kontra
3700,Kontra
3701,Kontra
3702,Re
3703,Re
3704,Kontra
3705,Kontra
3706,Re
3707,Kontra
3708,Re
3709,Re
3710,Kontra
3711,Re
3712,Kontra
3713,Re
3714,Kontra
3715,Kontra
3716,Kontra
3717,Re
3718,Kontra
3719,Re
3720,Kontra
3721,Kontra
3722,Re
3723,Re
3724,Kontra
3725,Kontra
3726,Kontra
3727,Re
3728,Re
3729,Re
3730,Kontra
3731,Kontra
3732,Kontra
3733,Kontra
3734,Kontra
3735,Re
3736,Re
3737,Kontra
3738,Re
3739,Re
3740,Re
3741,Re
3742,Re
3743,Kontra
3744,Kontra
3745,Re
3746,Re
3747,Kontra
3748,Kontra
3749,Re
3750,Kontra
3751,Re
3752,Kontra
3753,Re
3754,Re
3755,Kontra
3756,Kontra
3757,Re
3758,Kontra
3759,Re
3760,Kontra
3761,Re
3762,Re
3763,Kontra
3764,Kontra
3765,Re
3766,Kontra
3767,Re
3768,Kontra
3769,Re
3770,Kontra
3771,Re
3772,Kontra
3773,Kontra
3774,Re
3775,Kontra
3776,Re
3777,Re
3778,Re
3779,Kontra
3780,Kontra
3781,Kontra
3782,Re
3783,Re
3784,Kontra
3785,Re
3786,Kontra
3787,Kontra
3788,Re
3789,Re
3790,Kontra
3791,Kontra
3792,Re
3793,Kontra
3794,Re
3795,Re
3796,Kontra
3797,Kontra
3798,Kontra
3799,Re
3800,Re
3801,Kontra
3802,Kontra
3803,Re
3804,Re
